1	S2260721E	Illness	Allergy	31-10-2019	
2	S6164363G	Illness	Allergy	12-08-2019	
3	S2225716Z	Illness	Allergy	16-08-2019	
4	S1025871I	Illness	Allergy	28-01-2019	
5	S5352330R	Illness	Allergy	14-02-2019	
6	S4505680Z	Illness	Allergy	16-10-2019	
7	S6631686D	Illness	Allergy	05-04-2019	
8	S7074688V	Illness	Allergy	05-11-2019	
9	S7971670R	Illness	Allergy	21-01-2019	
10	S2534486B	Illness	Allergy	12-06-2019	
11	S7972496R	Illness	Allergy	04-09-2019	
12	S5281795N	Illness	Allergy	17-12-2018	
13	S9038196W	Illness	Allergy	22-01-2019	
14	S7032633S	Illness	Allergy	12-10-2019	
15	S7739540U	Illness	Allergy	20-10-2019	
16	S4881532P	Illness	Allergy	27-03-2019	
17	S1882817X	Illness	Allergy	13-05-2019	
18	S7058003Z	Illness	Allergy	21-12-2018	
19	S5830513Y	Illness	Allergy	13-03-2019	
20	S2259410W	Illness	Allergy	01-12-2019	
21	S5307762K	Illness	Allergy	28-10-2019	
22	S1660863F	Illness	Allergy	13-06-2019	
23	S1994682P	Illness	Allergy	23-09-2019	
24	S2280732U	Illness	Allergy	11-01-2019	
25	S6861104M	Illness	Allergy	20-09-2019	
26	S9353433F	Illness	Allergy	01-03-2019	
27	S2839757V	Illness	Allergy	03-04-2019	
28	S1580029F	Illness	Allergy	18-01-2019	
29	S4883176S	Illness	Allergy	19-08-2019	
30	S7559753G	Illness	Allergy	05-05-2019	
31	S3868334Y	Illness	Allergy	08-03-2019	
32	S3101050K	Illness	Allergy	03-11-2019	
33	S1481527D	Illness	Allergy	07-08-2019	
34	S8077513T	Illness	Allergy	25-10-2019	
35	S9516376B	Illness	Allergy	17-12-2018	
36	S1878787I	Illness	Allergy	23-03-2019	
37	S4378176B	Illness	Allergy	25-11-2019	
38	S7380271J	Illness	Allergy	25-05-2019	
39	S4553724F	Illness	Allergy	29-05-2019	
40	S4167606I	Illness	Allergy	10-12-2018	
41	S5415049T	Illness	Allergy	10-07-2019	
42	S6994467S	Illness	Allergy	02-04-2019	
43	S5650232O	Illness	Allergy	31-05-2019	
44	S8483323Y	Illness	Allergy	15-11-2019	
45	S7944919P	Illness	Allergy	14-11-2019	
46	S4676526W	Illness	Allergy	19-11-2019	
47	S6313245G	Illness	Allergy	29-04-2019	
48	S9038196W	Illness	Allergy	06-05-2019	
49	S7892170K	Illness	Allergy	11-10-2019	
50	S2637542J	Illness	Allergy	09-02-2019	
51	S7300264H	Illness	Allergy	24-01-2019	
52	S6471426H	Illness	Allergy	13-10-2019	
53	S6128205K	Illness	Allergy	26-07-2019	
54	S2301006U	Illness	Allergy	20-05-2019	
55	S9712800N	Illness	Allergy	01-09-2019	
56	S9143579V	Illness	Allergy	23-10-2019	
57	S3550761H	Illness	Allergy	13-06-2019	
58	S6528238G	Illness	Allergy	23-06-2019	
59	S4109495F	Illness	Allergy	15-09-2019	
60	S3617193O	Illness	Allergy	01-11-2019	
61	S7943742K	Illness	Allergy	09-08-2019	
62	S6213229Q	Illness	Allergy	04-09-2019	
63	S4645936M	Illness	Allergy	06-12-2018	
64	S2381966Y	Illness	Allergy	11-01-2019	
65	S2771947F	Illness	Allergy	19-07-2019	
66	S9705213I	Illness	Allergy	04-02-2019	
67	S9350585J	Illness	Allergy	01-08-2019	
68	S6425083S	Illness	Allergy	19-05-2019	
69	S5403785R	Illness	Allergy	13-11-2019	
70	S7087806O	Illness	Asthma	24-12-2018	
71	S3654759E	Illness	Asthma	16-06-2019	
72	S3201012B	Illness	Asthma	15-01-2019	
73	S8447587X	Illness	Asthma	27-04-2019	
74	S6319783Z	Illness	Asthma	30-07-2019	
75	S4903829U	Illness	Asthma	27-08-2019	
76	S6631686D	Illness	Asthma	21-02-2019	
77	S5608895N	Illness	Asthma	07-06-2019	
78	S8435454O	Illness	Asthma	19-08-2019	
79	S6993281N	Illness	Asthma	22-06-2019	
80	S9425336C	Illness	Asthma	02-06-2019	
81	S1644707O	Illness	Asthma	02-06-2019	
82	S2784495R	Illness	Asthma	31-03-2019	
83	S2896436Q	Illness	Asthma	04-11-2019	
84	S5248889C	Illness	Asthma	02-03-2019	
85	S4212840P	Illness	Asthma	22-04-2019	
86	S7304116U	Illness	Asthma	05-08-2019	
87	S3682928P	Illness	Asthma	01-10-2019	
88	S4611311L	Illness	Asthma	26-01-2019	
89	S7616883V	Illness	Asthma	01-06-2019	
90	S4883176S	Illness	Asthma	19-11-2019	
91	S9487437M	Illness	Asthma	02-02-2019	
92	S8485883U	Illness	Asthma	28-09-2019	
93	S9474272Z	Illness	Asthma	29-01-2019	
94	S8218925C	Illness	Asthma	23-01-2019	
95	S7290784R	Illness	Asthma	03-05-2019	
96	S5085083P	Illness	Asthma	13-05-2019	
97	S4883176S	Illness	Asthma	27-01-2019	
98	S4464666C	Illness	Asthma	03-09-2019	
99	S6930105K	Illness	Asthma	16-09-2019	
100	S8716588D	Illness	Asthma	16-04-2019	
101	S5948196U	Illness	Asthma	27-10-2019	
102	S3171644V	Illness	Asthma	10-01-2019	
103	S9299242M	Illness	Asthma	03-01-2019	
104	S8327207N	Illness	Asthma	02-01-2019	
105	S4611311L	Illness	Asthma	27-08-2019	
106	S3773358A	Illness	Asthma	19-07-2019	
107	S1443657D	Illness	Asthma	04-11-2019	
108	S3500541Q	Illness	Asthma	19-06-2019	
109	S9662375M	Illness	Asthma	09-01-2019	
110	S3525306X	Illness	Asthma	23-05-2019	
111	S1556694G	Illness	Asthma	28-11-2019	
112	S8821204Q	Illness	Back Pain	15-10-2019	
113	S6252443F	Illness	Back Pain	16-05-2019	
114	S8131459M	Illness	Back Pain	26-03-2019	
115	S4949643A	Illness	Back Pain	05-07-2019	
116	S8395005M	Illness	Back Pain	06-05-2019	
117	S4116801G	Illness	Back Pain	10-07-2019	
118	S5144111L	Illness	Back Pain	21-05-2019	
119	S4130238T	Illness	Back Pain	22-07-2019	
120	S2789615A	Illness	Back Pain	18-02-2019	
121	S8663634D	Illness	Back Pain	05-03-2019	
122	S5724356N	Illness	Back Pain	23-06-2019	
123	S5872730E	Illness	Back Pain	27-01-2019	
124	S5872730E	Illness	Back Pain	14-02-2019	
125	S5278313V	Illness	Back Pain	26-06-2019	
126	S9368583H	Illness	Back Pain	31-05-2019	
127	S4157752Y	Illness	Back Pain	19-01-2019	
128	S2716385D	Illness	Back Pain	26-02-2019	
129	S8923095F	Illness	Back Pain	15-06-2019	
130	S5234275Y	Illness	Back Pain	02-07-2019	
131	S4844032T	Illness	Back Pain	11-10-2019	
132	S8087270C	Illness	Back Pain	07-08-2019	
133	S8831513H	Illness	Back Pain	04-07-2019	
134	S5365886C	Illness	Back Pain	11-03-2019	
135	S6861104M	Illness	Back Pain	07-05-2019	
136	S8242756J	Illness	Back Pain	05-07-2019	
137	S3767857O	Illness	Back Pain	27-11-2019	
138	S8663634D	Illness	Back Pain	03-07-2019	
139	S1516037V	Illness	Back Pain	28-01-2019	
140	S3888591G	Illness	Back Pain	05-09-2019	
141	S2731758V	Illness	Bronchitis	14-04-2019	
142	S8249906R	Illness	Bronchitis	08-06-2019	
143	S1413734Q	Illness	Bronchitis	11-11-2019	
144	S4116179E	Illness	Bronchitis	23-09-2019	
145	S6610110O	Illness	Bronchitis	29-05-2019	
146	S6631686D	Illness	Bronchitis	19-02-2019	
147	S7352319X	Illness	Bronchitis	18-10-2019	
148	S4479630V	Illness	Bronchitis	03-10-2019	
149	S3118066P	Illness	Bronchitis	17-03-2019	
150	S7278276X	Illness	Bronchitis	17-01-2019	
151	S2300778O	Illness	Bronchitis	26-04-2019	
152	S7167431V	Illness	Bronchitis	07-06-2019	
153	S4995341V	Illness	Bronchitis	17-06-2019	
154	S6626104I	Illness	Bronchitis	19-07-2019	
155	S3750576F	Illness	Bronchitis	17-11-2019	
156	S8520697O	Illness	Bronchitis	10-09-2019	
157	S2462506B	Illness	Bronchitis	24-09-2019	
158	S7906874Y	Illness	Bronchitis	10-04-2019	
159	S2448840B	Illness	Bronchitis	08-04-2019	
160	S8926101S	Illness	Bronchitis	09-11-2019	
161	S4569307S	Illness	Bronchitis	28-11-2019	
162	S6626104I	Illness	Bronchitis	08-08-2019	
163	S1660863F	Illness	Cancer	13-01-2019	
164	S8729984J	Illness	Cancer	21-09-2019	
165	S7917587D	Illness	Cancer	10-12-2018	
166	S3218447F	Illness	Cancer	21-02-2019	
167	S3005533X	Illness	Cancer	27-02-2019	
168	S8106137Q	Illness	Cancer	05-12-2018	
169	S7599653J	Illness	Cancer	03-05-2019	
170	S1911722I	Illness	Cancer	18-08-2019	
171	S4553724F	Illness	Cancer	04-04-2019	
172	S3828072U	Illness	Cancer	06-09-2019	
173	S4333744P	Illness	Cancer	23-05-2019	
174	S4088765B	Illness	Cancer	26-12-2018	
175	S4684962U	Illness	Cancer	22-02-2019	
176	S1002874L	Illness	Cancer	17-10-2019	
177	S3176657I	Illness	Cancer	27-01-2019	
178	S8520697O	Illness	Cancer	07-07-2019	
179	S8046870W	Illness	Cancer	10-10-2019	
180	S4005763L	Illness	Cancer	27-03-2019	
181	S8413552R	Illness	Cancer	21-08-2019	
182	S4424024Y	Illness	Cancer	23-03-2019	
183	S8664016F	Illness	Cancer	19-01-2019	
184	S5727140L	Illness	Cancer	26-06-2019	
185	S9845041U	Illness	Cancer	11-05-2019	
186	S2291221N	Illness	Cancer	20-10-2019	
187	S7475339B	Illness	Cancer	10-05-2019	
188	S1717365B	Illness	Cancer	06-03-2019	
189	S7337461K	Illness	Cancer	11-05-2019	
190	S2964196S	Illness	Cancer	03-08-2019	
191	S5947580U	Illness	Cancer	21-07-2019	
192	S8146454Q	Illness	Cancer	20-05-2019	
193	S2784495R	Illness	Cancer	20-04-2019	
194	S5287620P	Illness	Caries	25-09-2019	
195	S5702021D	Illness	Caries	23-06-2019	
196	S1691197D	Illness	Caries	16-01-2019	
197	S1313437L	Illness	Caries	19-02-2019	
198	S7484962L	Illness	Caries	03-11-2019	
199	S3218447F	Illness	Caries	21-06-2019	
200	S2492414H	Illness	Caries	17-12-2018	
201	S5307762K	Illness	Caries	24-08-2019	
202	S7032633S	Illness	Caries	12-08-2019	
203	S9888517R	Illness	Caries	14-08-2019	
204	S6655947K	Illness	Caries	27-03-2019	
205	S5962491M	Illness	Caries	03-11-2019	
206	S2329053B	Illness	Caries	09-05-2019	
207	S3201012B	Illness	Caries	19-05-2019	
208	S2860299X	Illness	Caries	11-11-2019	
209	S2925972L	Illness	Caries	22-10-2019	
210	S7830855B	Illness	Caries	19-02-2019	
211	S5604488O	Illness	Caries	01-08-2019	
212	S3748968A	Illness	Caries	31-12-2018	
213	S2798820I	Illness	Caries	30-08-2019	
214	S3914156O	Illness	Caries	06-05-2019	
215	S3979521Q	Illness	Caries	23-02-2019	
216	S1088184S	Illness	Caries	26-08-2019	
217	S5922694D	Illness	Caries	30-12-2018	
218	S5040384I	Illness	Caries	30-10-2019	
219	S4881532P	Illness	Caries	27-10-2019	
220	S3171644V	Illness	Caries	20-06-2019	
221	S8923095F	Illness	Caries	08-08-2019	
222	S8739821O	Illness	Caries	30-11-2019	
223	S2045486J	Illness	Caries	28-06-2019	
224	S7831455Y	Illness	Caries	05-05-2019	
225	S6717881U	Illness	Caries	25-06-2019	
226	S5234275Y	Illness	Caries	26-09-2019	
227	S7587829D	Illness	Caries	07-12-2018	
228	S6655947K	Illness	Caries	22-05-2019	
229	S2934345Q	Illness	Caries	25-10-2019	
230	S8667408P	Illness	Caries	27-02-2019	
231	S9665353E	Illness	Caries	11-06-2019	
232	S1800068S	Illness	Caries	06-10-2019	
233	S3564022P	Illness	Caries	15-08-2019	
234	S8528067K	Illness	Cataracts	20-09-2019	
235	S3500541Q	Illness	Cataracts	10-08-2019	
236	S2223096T	Illness	Cataracts	06-03-2019	
237	S8716588D	Illness	Cataracts	23-11-2019	
238	S3016017R	Illness	Cataracts	04-02-2019	
239	S3564022P	Illness	Cataracts	19-05-2019	
240	S2771472D	Illness	Cataracts	06-05-2019	
241	S5982945W	Illness	Cataracts	15-11-2019	
242	S6291360D	Illness	Cataracts	02-12-2018	
243	S7892170K	Illness	Cataracts	04-12-2018	
244	S9697298B	Illness	Cataracts	19-06-2019	
245	S9350585J	Illness	Cataracts	14-07-2019	
246	S3116063A	Illness	Cataracts	08-04-2019	
247	S8115510U	Illness	Cataracts	20-10-2019	
248	S6039998E	Illness	Cataracts	10-12-2018	
249	S1877977C	Illness	Cataracts	07-04-2019	
250	S8847461D	Illness	Cataracts	30-03-2019	
251	S6099446D	Illness	Cataracts	28-07-2019	
252	S5234275Y	Illness	Cataracts	02-11-2019	
253	S3005533X	Illness	Cataracts	19-04-2019	
254	S1691197D	Illness	Cataracts	09-03-2019	
255	S9648573S	Illness	Cataracts	27-03-2019	
256	S2298913K	Illness	Cataracts	25-07-2019	
257	S5161810Q	Illness	Cataracts	04-06-2019	
258	S2269800B	Illness	Cataracts	07-08-2019	
259	S7380271J	Illness	Cataracts	21-03-2019	
260	S8435454O	Illness	Cataracts	10-09-2019	
261	S8468749O	Illness	Cataracts	01-06-2019	
262	S1368671D	Illness	Cataracts	19-08-2019	
263	S8468749O	Illness	Cataracts	05-11-2019	
264	S7680836K	Illness	Cataracts	10-11-2019	
265	S4953945W	Illness	Cataracts	08-03-2019	
266	S2853894X	Illness	Cataracts	26-11-2019	
267	S7831455Y	Illness	Cataracts	03-04-2019	
268	S8547853L	Illness	Chickenpox	28-01-2019	
269	S5346938A	Illness	Chickenpox	24-11-2019	
270	S8528067K	Illness	Chickenpox	07-05-2019	
271	S8882982F	Illness	Chickenpox	09-03-2019	
272	S2003956C	Illness	Chickenpox	17-08-2019	
273	S3564022P	Illness	Chickenpox	26-08-2019	
274	S4427301Q	Illness	Chickenpox	11-02-2019	
275	S6285959I	Illness	Chickenpox	05-10-2019	
276	S7484962L	Illness	Chickenpox	25-03-2019	
277	S8325585W	Illness	Chickenpox	26-04-2019	
278	S8115510U	Illness	Chickenpox	23-07-2019	
279	S8099534R	Illness	Chickenpox	01-02-2019	
280	S3550866N	Illness	Chickenpox	13-03-2019	
281	S2777811G	Illness	Chickenpox	11-05-2019	
282	S8185782X	Illness	Chickenpox	28-07-2019	
283	S4333744P	Illness	Chickenpox	09-03-2019	
284	S8873637T	Illness	Chickenpox	30-07-2019	
285	S4515397Y	Illness	Chickenpox	01-02-2019	
286	S3914156O	Illness	Chickenpox	20-09-2019	
287	S8520040W	Illness	Chickenpox	18-12-2018	
288	S2934345Q	Illness	Chickenpox	12-04-2019	
289	S1769429E	Illness	Chickenpox	17-04-2019	
290	S2206032T	Illness	Chickenpox	02-07-2019	
291	S4959927M	Illness	Cold	23-02-2019	
292	S3469880K	Illness	Cold	01-12-2018	
293	S7616883V	Illness	Cold	22-09-2019	
294	S3877006D	Illness	Cold	08-08-2019	
295	S1555162S	Illness	Cold	06-07-2019	
296	S4075788W	Illness	Cold	29-04-2019	
297	S7337461K	Illness	Cold	28-11-2019	
298	S5769421X	Illness	Cold	18-04-2019	
299	S2018627K	Illness	Cold	14-02-2019	
300	S3598756T	Illness	Cold	05-12-2018	
301	S8562926F	Illness	Cold	21-10-2019	
302	S2273322P	Illness	Cold	08-04-2019	
303	S1941236E	Illness	Cold	11-01-2019	
304	S3868334Y	Illness	Cold	31-03-2019	
305	S8441634F	Illness	Cold	24-12-2018	
306	S3143969X	Illness	Cold	24-05-2019	
307	S7278276X	Illness	Cold	12-10-2019	
308	S1368403S	Illness	Cold	26-08-2019	
309	S4812672V	Illness	Cold	23-09-2019	
310	S7118797W	Illness	Cold	25-02-2019	
311	S2405741U	Illness	Cold	29-01-2019	
312	S3023538V	Illness	Cold	19-04-2019	
313	S1867030F	Illness	Cold	04-07-2019	
314	S4491696I	Illness	Cold	30-08-2019	
315	S2789615A	Illness	Cold	09-04-2019	
316	S2191316U	Illness	Cold	24-03-2019	
317	S6318938W	Illness	Cold	05-03-2019	
318	S3819981F	Illness	Cold	16-08-2019	
319	S6099446D	Illness	Cold	25-02-2019	
320	S7032633S	Illness	Cold	14-03-2019	
321	S5428212L	Illness	Cold	24-10-2019	
322	S9038196W	Illness	Cold	29-04-2019	
323	S2002730C	Illness	Cold	20-05-2019	
324	S6640132A	Illness	Cold	28-04-2019	
325	S2329053B	Illness	Cold	01-05-2019	
326	S4116801G	Illness	Cold	06-11-2019	
327	S9039260E	Illness	Cold	06-04-2019	
328	S3171644V	Illness	Cold	05-01-2019	
329	S1066747F	Illness	Cold	18-07-2019	
330	S9820079Z	Illness	Cold	31-07-2019	
331	S8193768E	Illness	Cold	24-04-2019	
332	S7599653J	Illness	Cold	10-09-2019	
333	S2465331H	Illness	Cold	20-03-2019	
334	S3790300B	Illness	Cold	25-03-2019	
335	S8653215K	Illness	Cold	19-05-2019	
336	S4427301Q	Illness	Cold	04-02-2019	
337	S4972139A	Illness	Cold	28-04-2019	
338	S4980626L	Illness	Cold	04-06-2019	
339	S2492414H	Illness	Cold	17-08-2019	
340	S6154911V	Illness	Cold	22-07-2019	
341	S9069997H	Illness	Cold	18-02-2019	
342	S5383555T	Illness	Cold	22-08-2019	
343	S5823789B	Illness	Cold	01-07-2019	
344	S6824761N	Illness	Cold	07-07-2019	
345	S2401172K	Illness	Cold	24-08-2019	
346	S4274119I	Illness	Cold	17-08-2019	
347	S4252628Y	Illness	Cold	03-12-2018	
348	S7943742K	Illness	Cold	31-07-2019	
349	S8185782X	Illness	Cold	15-03-2019	
350	S4419365A	Illness	Cold	30-03-2019	
351	S7847480Q	Illness	Cold	29-10-2019	
352	S8754540Z	Illness	Cold	23-05-2019	
353	S3877006D	Illness	Cold	07-09-2019	
354	S3942473O	Illness	Cold	02-08-2019	
355	S3584724I	Illness	Cold	11-08-2019	
356	S3868334Y	Illness	Cold	11-10-2019	
357	S4140290O	Illness	Cold	15-06-2019	
358	S9084966W	Illness	Cold	11-02-2019	
359	S6553273X	Illness	Cold	28-04-2019	
360	S1011719M	Illness	Cold	18-01-2019	
361	S7624747K	Illness	Cold	26-04-2019	
362	S2332864N	Illness	Cold	25-05-2019	
363	S9068435Z	Illness	Cold	20-04-2019	
364	S6152413U	Illness	Cold	15-01-2019	
365	S8847461D	Illness	Cold	27-05-2019	
366	S3294588W	Illness	Cold	03-09-2019	
367	S9752291E	Illness	Cold	22-10-2019	
368	S2592861H	Illness	Cold	01-02-2019	
369	S1660863F	Illness	Cold	22-03-2019	
370	S8200946M	Illness	Cold	15-08-2019	
371	S1760554X	Illness	Cold	29-12-2018	
372	S4088765B	Illness	Cold	30-11-2019	
373	S7599653J	Illness	Cold	05-01-2019	
374	S3550866N	Illness	Cold	18-12-2018	
375	S6655356A	Illness	Cold	14-05-2019	
376	S1516037V	Illness	Cold	31-01-2019	
377	S1754041L	Illness	Cold	09-12-2018	
378	S2771472D	Illness	Cold	27-02-2019	
379	S5348287R	Illness	Cold	05-05-2019	
380	S8146454Q	Illness	Cold	29-09-2019	
381	S4758581M	Illness	Cold	04-08-2019	
382	S5644615J	Illness	Cold	25-11-2019	
383	S2164919C	Illness	Cold	07-05-2019	
384	S8876868K	Illness	Cold	15-05-2019	
385	S8590328I	Illness	Depression	21-10-2019	
386	S1113420L	Illness	Depression	08-03-2019	
387	S3819981F	Illness	Depression	27-04-2019	
388	S4759733S	Illness	Depression	20-01-2019	
389	S3679545Z	Illness	Depression	16-02-2019	
390	S6610110O	Illness	Depression	19-12-2018	
391	S9502710I	Illness	Depression	07-10-2019	
392	S8242428Q	Illness	Depression	23-06-2019	
393	S2839757V	Illness	Depression	02-12-2018	
394	S2814860T	Illness	Depression	19-10-2019	
395	S9778032F	Illness	Depression	03-05-2019	
396	S7357144K	Illness	Depression	12-07-2019	
397	S8098361L	Illness	Depression	02-05-2019	
398	S3153347T	Illness	Depression	11-07-2019	
399	S3005533X	Illness	Depression	02-03-2019	
400	S5702021D	Illness	Depression	23-09-2019	
401	S2853894X	Illness	Depression	20-01-2019	
402	S8435454O	Illness	Depression	15-09-2019	
403	S2555013J	Illness	Depression	10-03-2019	
404	S6824761N	Illness	Depression	15-11-2019	
405	S2329053B	Illness	Depression	01-09-2019	
406	S6276727U	Illness	Depression	05-10-2019	
407	S1941236E	Illness	Depression	24-01-2019	
408	S6997766X	Illness	Depression	08-08-2019	
409	S3176657I	Illness	Depression	26-03-2019	
410	S9752291E	Illness	Depression	09-02-2019	
411	S2191316U	Illness	Depression	22-09-2019	
412	S9708381S	Illness	Depression	01-06-2019	
413	S1769429E	Illness	Depression	04-09-2019	
414	S4122501T	Illness	Depression	27-04-2019	
415	S2332864N	Illness	Depression	10-03-2019	
416	S2862263A	Illness	Depression	11-08-2019	
417	S5352330R	Illness	Depression	12-01-2019	
418	S2555013J	Illness	Depression	10-09-2019	
419	S5114500C	Illness	Depression	20-01-2019	
420	S5872730E	Illness	Depression	14-01-2019	
421	S5144111L	Illness	Depression	26-06-2019	
422	S6757774E	Illness	Depression	28-12-2018	
423	S1027699D	Illness	Depression	14-12-2018	
424	S9488406S	Illness	Depression	06-07-2019	
425	S2766949Q	Illness	Diabetes	10-04-2019	
426	S7624747K	Illness	Diabetes	08-11-2019	
427	S1769429E	Illness	Diabetes	12-09-2019	
428	S4122473A	Illness	Diabetes	17-10-2019	
429	S6623076O	Illness	Diabetes	29-06-2019	
430	S3665292A	Illness	Diabetes	03-12-2018	
431	S7559015Q	Illness	Diabetes	23-05-2019	
432	S2770498A	Illness	Diabetes	21-02-2019	
433	S7599653J	Illness	Diabetes	18-10-2019	
434	S4122473A	Illness	Diabetes	08-12-2018	
435	S8957407Y	Illness	Diabetes	07-01-2019	
436	S6432032N	Illness	Diabetes	17-07-2019	
437	S3560315H	Illness	Diabetes	08-01-2019	
438	S4424024Y	Illness	Diabetes	13-12-2018	
439	S3773429W	Illness	Diabetes	12-10-2019	
440	S2469992Y	Illness	Diabetes	23-10-2019	
441	S7449357N	Illness	Diabetes	16-01-2019	
442	S9143579V	Illness	Diabetes	11-06-2019	
443	S6608600Z	Illness	Diabetes	22-03-2019	
444	S8729984J	Illness	Diabetes	21-03-2019	
445	S7516837T	Illness	Diabetes	22-10-2019	
446	S7289788B	Illness	Diabetes	22-04-2019	
447	S8855049J	Illness	Diabetes	29-11-2019	
448	S1543299A	Illness	Diabetes	24-12-2018	
449	S2356252O	Illness	Diabetes	03-04-2019	
450	S5133490Y	Illness	Diabetes	03-03-2019	
451	S8325585W	Illness	Diabetes	15-06-2019	
452	S8468749O	Illness	Diabetes	22-03-2019	
453	S8017571G	Illness	Diabetes	06-10-2019	
454	S8882982F	Illness	Diabetes	18-12-2018	
455	S4122501T	Illness	Diabetes	12-01-2019	
456	S3748968A	Illness	Eating Disorders	26-10-2019	
457	S5872730E	Illness	Eating Disorders	29-11-2019	
458	S6318938W	Illness	Eating Disorders	25-12-2018	
459	S9888909V	Illness	Eating Disorders	31-05-2019	
460	S6921484I	Illness	Eating Disorders	09-11-2019	
461	S9817190G	Illness	Eating Disorders	25-12-2018	
462	S3627112D	Illness	Eating Disorders	06-06-2019	
463	S9459775O	Illness	Eating Disorders	14-07-2019	
464	S3883837A	Illness	Eating Disorders	14-06-2019	
465	S4730137I	Illness	Eating Disorders	29-04-2019	
466	S8944124W	Illness	Eating Disorders	01-04-2019	
467	S4130238T	Illness	Eating Disorders	16-08-2019	
468	S8627355I	Illness	Eating Disorders	03-04-2019	
469	S9281472A	Illness	Eating Disorders	10-05-2019	
470	S6019912T	Illness	Eating Disorders	24-10-2019	
471	S6606778S	Illness	Eating Disorders	28-05-2019	
472	S6941030I	Illness	Eating Disorders	06-10-2019	
473	S3550761H	Illness	Eating Disorders	01-02-2019	
474	S6455578R	Illness	Eating Disorders	25-10-2019	
475	S8754905J	Illness	Eating Disorders	18-07-2019	
476	S8189832J	Illness	Eating Disorders	01-05-2019	
477	S9837045B	Illness	Eating Disorders	01-11-2019	
478	S4759733S	Illness	Eating Disorders	25-08-2019	
479	S9485236E	Illness	Eating Disorders	02-08-2019	
480	S2858412M	Illness	Eating Disorders	15-10-2019	
481	S5911026T	Illness	Eating Disorders	12-11-2019	
482	S2291221N	Illness	Eating Disorders	25-11-2019	
483	S6975096Q	Illness	Eating Disorders	08-11-2019	
484	S3655063L	Illness	Eating Disorders	20-09-2019	
485	S6128205K	Illness	Eating Disorders	12-08-2019	
486	S3487695C	Illness	Eating Disorders	16-10-2019	
487	S8185782X	Illness	Eating Disorders	12-05-2019	
488	S4995341V	Illness	Eating Disorders	27-06-2019	
489	S8754905J	Illness	Eating Disorders	08-08-2019	
490	S8591586J	Illness	Eating Disorders	30-08-2019	
491	S2255290C	Illness	Eating Disorders	14-11-2019	
492	S6442193E	Illness	Eating Disorders	02-03-2019	
493	S9780705O	Illness	Eating Disorders	05-01-2019	
494	S4157752Y	Illness	Eating Disorders	23-08-2019	
495	S3100678C	Illness	Eating Disorders	08-06-2019	
496	S3223873S	Illness	Eating Disorders	25-10-2019	
497	S3564022P	Illness	Eating Disorders	03-06-2019	
498	S3767857O	Illness	Eating Disorders	29-01-2019	
499	S2321201A	Illness	Gingivitis	20-10-2019	
500	S1137388U	Illness	Gingivitis	15-04-2019	
501	S2506551R	Illness	Gingivitis	26-02-2019	
502	S6093408T	Illness	Gingivitis	31-05-2019	
503	S6938957G	Illness	Gingivitis	24-11-2019	
504	S1320010F	Illness	Gingivitis	19-12-2018	
505	S5403785R	Illness	Gingivitis	02-04-2019	
506	S6785868O	Illness	Gingivitis	16-08-2019	
507	S1068623A	Illness	Gingivitis	30-11-2019	
508	S2524309O	Illness	Gingivitis	24-10-2019	
509	S4569307S	Illness	Gingivitis	19-06-2019	
510	S4980626L	Illness	Gingivitis	25-12-2018	
511	S3617193O	Illness	Gingivitis	17-06-2019	
512	S2913125R	Illness	Gingivitis	04-08-2019	
513	S4464666C	Illness	Gingivitis	19-08-2019	
514	S7670262F	Illness	Gingivitis	01-02-2019	
515	S8675839E	Illness	Gingivitis	31-03-2019	
516	S7794628I	Illness	Gingivitis	29-05-2019	
517	S3632347D	Illness	Gingivitis	14-08-2019	
518	S4821364J	Illness	Gout	29-04-2019	
519	S8923095F	Illness	Gout	03-11-2019	
520	S8847944E	Illness	Gout	08-01-2019	
521	S8146454Q	Illness	Gout	13-08-2019	
522	S8077513T	Illness	Gout	29-01-2019	
523	S6677034L	Illness	Gout	27-07-2019	
524	S7456583W	Illness	Gout	05-12-2018	
525	S1259497D	Illness	Gout	25-12-2018	
526	S1197784I	Illness	Gout	12-06-2019	
527	S8562926F	Illness	Gout	29-11-2019	
528	S7133907P	Illness	Gout	14-05-2019	
529	S2894462R	Illness	Gout	03-11-2019	
530	S4274119I	Illness	Gout	17-01-2019	
531	S4130238T	Illness	Gout	29-06-2019	
532	S9354638B	Illness	Gout	09-05-2019	
533	S7058003Z	Illness	Gout	23-04-2019	
534	S7256244R	Illness	Gout	01-04-2019	
535	S6655356A	Illness	Gout	10-07-2019	
536	S6997766X	Illness	Gout	27-03-2019	
537	S8667408P	Illness	Haemorrhoids	09-02-2019	
538	S4464666C	Illness	Haemorrhoids	10-07-2019	
539	S3522801O	Illness	Haemorrhoids	24-05-2019	
540	S2356252O	Illness	Haemorrhoids	12-05-2019	
541	S3536986X	Illness	Haemorrhoids	17-11-2019	
542	S2524309O	Illness	Haemorrhoids	05-07-2019	
543	S1867030F	Illness	Haemorrhoids	01-01-2019	
544	S9076155B	Illness	Haemorrhoids	06-04-2019	
545	S8395005M	Illness	Haemorrhoids	03-11-2019	
546	S2018627K	Illness	Haemorrhoids	18-03-2019	
547	S4491696I	Illness	Haemorrhoids	10-08-2019	
548	S6757774E	Illness	Haemorrhoids	02-04-2019	
549	S3883837A	Illness	Haemorrhoids	03-05-2019	
550	S7972496R	Illness	Haemorrhoids	25-03-2019	
551	S1760554X	Illness	Haemorrhoids	05-07-2019	
552	S1037263Z	Illness	Haemorrhoids	20-05-2019	
553	S3914289N	Illness	Haemorrhoids	31-01-2019	
554	S4676526W	Illness	Haemorrhoids	25-02-2019	
555	S4931446Z	Illness	Haemorrhoids	20-09-2019	
556	S1268082O	Illness	Haemorrhoids	09-01-2019	
557	S4883176S	Illness	Haemorrhoids	03-06-2019	
558	S3168843N	Illness	Haemorrhoids	06-03-2019	
559	S3092897U	Illness	Haemorrhoids	11-03-2019	
560	S7111485F	Illness	Haemorrhoids	08-03-2019	
561	S5770438E	Illness	Haemorrhoids	02-09-2019	
562	S7007681E	Illness	Haemorrhoids	07-06-2019	
563	S7296890S	Illness	Haemorrhoids	20-05-2019	
564	S7133907P	Illness	Haemorrhoids	29-07-2019	
565	S4959927M	Illness	Haemorrhoids	03-04-2019	
566	S2823984U	Illness	Haemorrhoids	03-09-2019	
567	S8520697O	Illness	Haemorrhoids	06-08-2019	
568	S4116179E	Illness	Haemorrhoids	26-06-2019	
569	S1395070L	Illness	Headaches and Migraines	05-08-2019	
570	S1469889Q	Illness	Headaches and Migraines	01-07-2019	
571	S7133907P	Illness	Headaches and Migraines	19-12-2018	
572	S9574027G	Illness	Headaches and Migraines	09-06-2019	
573	S6785868O	Illness	Headaches and Migraines	14-04-2019	
574	S6721992I	Illness	Headaches and Migraines	05-01-2019	
575	S7256244R	Illness	Headaches and Migraines	19-06-2019	
576	S4923205E	Illness	Headaches and Migraines	03-05-2019	
577	S5650232O	Illness	Headaches and Migraines	01-05-2019	
578	S4731299N	Illness	Headaches and Migraines	30-12-2018	
579	S5715879M	Illness	Headaches and Migraines	26-05-2019	
580	S8754905J	Illness	Headaches and Migraines	28-05-2019	
581	S2198863C	Illness	Headaches and Migraines	14-05-2019	
582	S1781730G	Illness	Headaches and Migraines	13-06-2019	
583	S4351955T	Illness	Headaches and Migraines	18-05-2019	
584	S5063914P	Illness	Headaches and Migraines	14-08-2019	
585	S4569307S	Illness	Headaches and Migraines	22-07-2019	
586	S8424321Z	Illness	Headaches and Migraines	01-02-2019	
587	S1819124N	Illness	Headaches and Migraines	16-07-2019	
588	S8049304U	Illness	Headaches and Migraines	07-05-2019	
589	S3005533X	Illness	Headaches and Migraines	06-02-2019	
590	S9200039Z	Illness	Headaches and Migraines	07-06-2019	
591	S1692591D	Illness	Headaches and Migraines	29-05-2019	
592	S3101050K	Illness	Headaches and Migraines	17-08-2019	
593	S7118797W	Illness	Headaches and Migraines	09-10-2019	
594	S2189890C	Illness	Headaches and Migraines	05-02-2019	
595	S4424024Y	Illness	Headaches and Migraines	16-04-2019	
596	S3907154N	Illness	Headaches and Migraines	05-10-2019	
597	S9697298B	Illness	Headaches and Migraines	28-11-2019	
598	S4980626L	Illness	Headaches and Migraines	21-08-2019	
599	S7227770H	Illness	Headaches and Migraines	03-06-2019	
600	S2223096T	Illness	Headaches and Migraines	17-04-2019	
601	S1556694G	Illness	Headaches and Migraines	03-02-2019	
602	S2438806Y	Illness	Headaches and Migraines	25-08-2019	
603	S6630182H	Illness	Headaches and Migraines	01-07-2019	
604	S1555162S	Illness	Headaches and Migraines	27-09-2019	
605	S9279750T	Illness	Headaches and Migraines	26-03-2019	
606	S2405741U	Illness	Headaches and Migraines	29-10-2019	
607	S4599923A	Illness	Headaches and Migraines	06-05-2019	
608	S9446691F	Illness	Headaches and Migraines	17-06-2019	
609	S1047837O	Illness	Headaches and Migraines	01-10-2019	
610	S3440164Y	Illness	Headaches and Migraines	17-09-2019	
611	S4813973D	Illness	Headaches and Migraines	22-08-2019	
612	S2885118D	Illness	Headaches and Migraines	01-05-2019	
613	S5704150D	Illness	Headaches and Migraines	10-12-2018	
614	S8371935B	Illness	Headaches and Migraines	16-11-2019	
615	S1184649R	Illness	Headaches and Migraines	07-04-2019	
616	S1501823G	Illness	Headaches and Migraines	08-02-2019	
617	S7524741N	Illness	Headaches and Migraines	06-01-2019	
618	S9820079Z	Illness	Headaches and Migraines	16-06-2019	
619	S2448840B	Illness	Headaches and Migraines	17-08-2019	
620	S6793173A	Illness	Headaches and Migraines	02-01-2019	
621	S2356252O	Illness	Headaches and Migraines	15-12-2018	
622	S3016017R	Illness	Headaches and Migraines	11-12-2018	
623	S6917752H	Illness	Headaches and Migraines	06-05-2019	
624	S7830855B	Illness	Headaches and Migraines	03-12-2018	
625	S3486179Q	Illness	Headaches and Migraines	09-05-2019	
626	S1069163V	Illness	Headaches and Migraines	25-11-2019	
627	S5365886C	Illness	Headaches and Migraines	31-08-2019	
628	S5269386J	Illness	Headaches and Migraines	26-05-2019	
629	S6998592G	Illness	Headaches and Migraines	18-11-2019	
630	S2293241W	Illness	Headaches and Migraines	23-10-2019	
631	S6552190D	Illness	Headaches and Migraines	23-02-2019	
632	S6471426H	Illness	Headaches and Migraines	29-07-2019	
633	S2291221N	Illness	Headaches and Migraines	20-08-2019	
634	S8371935B	Illness	Headaches and Migraines	05-05-2019	
635	S2766949Q	Illness	Headaches and Migraines	19-01-2019	
636	S2535465Y	Illness	Headaches and Migraines	13-03-2019	
637	S2301006U	Illness	Headaches and Migraines	30-04-2019	
638	S9487777U	Illness	Headaches and Migraines	21-03-2019	
639	S6993281N	Illness	Headaches and Migraines	29-10-2019	
640	S4018703W	Illness	Headaches and Migraines	19-08-2019	
641	S5922694D	Illness	Headaches and Migraines	13-06-2019	
642	S5856170B	Illness	Headaches and Migraines	26-02-2019	
643	S2198863C	Illness	Headaches and Migraines	24-06-2019	
644	S3938174J	Illness	Headaches and Migraines	23-02-2019	
645	S5278313V	Illness	Headaches and Migraines	26-08-2019	
646	S1469889Q	Illness	Headaches and Migraines	16-02-2019	
647	S5973648C	Illness	Headaches and Migraines	07-01-2019	
648	S7449357N	Illness	Headaches and Migraines	13-12-2018	
649	S2798277D	Illness	Headaches and Migraines	12-05-2019	
650	S4478656U	Illness	Headaches and Migraines	08-03-2019	
651	S5724356N	Illness	Headaches and Migraines	24-08-2019	
652	S1691197D	Illness	Headaches and Migraines	07-04-2019	
653	S9171677H	Illness	Headaches and Migraines	01-08-2019	
654	S7054318S	Illness	Headaches and Migraines	06-10-2019	
655	S2151797Q	Illness	Headaches and Migraines	07-02-2019	
656	S3627112D	Illness	Headaches and Migraines	01-12-2019	
657	S8564662A	Illness	Headaches and Migraines	08-05-2019	
658	S2107249Y	Illness	Headaches and Migraines	01-11-2019	
659	S7316229L	Illness	Headaches and Migraines	14-11-2019	
660	S9208481V	Illness	Heart Disease	17-07-2019	
661	S6093408T	Illness	Heart Disease	18-09-2019	
662	S4479630V	Illness	Heart Disease	14-05-2019	
663	S2761085F	Illness	Heart Disease	25-02-2019	
664	S7516837T	Illness	Heart Disease	25-07-2019	
665	S7624747K	Illness	Heart Disease	14-02-2019	
666	S1395070L	Illness	Heart Disease	19-03-2019	
667	S9874695B	Illness	Heart Disease	15-02-2019	
668	S4400519D	Illness	Heart Disease	09-05-2019	
669	S6993281N	Illness	Heart Disease	24-05-2019	
670	S4130238T	Illness	Heart Disease	03-05-2019	
671	S3218447F	Illness	Heart Disease	05-06-2019	
672	S9819005U	Illness	Heart Disease	30-01-2019	
673	S7659903O	Illness	Heart Disease	15-11-2019	
674	S5823789B	Illness	Heart Disease	21-09-2019	
675	S3522801O	Illness	Heart Disease	07-10-2019	
676	S3525306X	Illness	Heart Disease	09-03-2019	
677	S2761085F	Illness	Heart Disease	18-08-2019	
678	S4977862I	Illness	Heart Disease	29-09-2019	
679	S4367055E	Illness	Heart Disease	16-09-2019	
680	S6721992I	Illness	Heart Disease	07-08-2019	
681	S9547330Q	Illness	Heart Disease	03-01-2019	
682	S1011719M	Illness	Heart Disease	05-05-2019	
683	S8330773Y	Illness	Heart Disease	22-12-2018	
684	S9612153O	Illness	Heart Disease	14-09-2019	
685	S1413734Q	Illness	Heart Disease	26-01-2019	
686	S4611311L	Illness	Heart Disease	20-12-2018	
687	S2255290C	Illness	Heart Disease	01-10-2019	
688	S4400519D	Illness	Heart Disease	30-07-2019	
689	S2255290C	Illness	Heart Disease	12-09-2019	
690	S4628957O	Illness	Heart Disease	22-02-2019	
691	S7697028J	Illness	Heart Disease	12-01-2019	
692	S1137722V	Illness	Heart Disease	30-03-2019	
693	S4464666C	Illness	Heart Disease	05-11-2019	
694	S6846213U	Illness	Heart Disease	22-09-2019	
695	S1580029F	Reading	Blood Pressure	30-07-2019	bp1.csv
696	S3536986X	Reading	Blood Pressure	16-12-2018	bp2.csv
697	S1217590Y	Reading	Blood Pressure	09-04-2019	bp3.csv
698	S6795540Y	Reading	Blood Pressure	24-12-2018	bp4.csv
699	S3632347D	Reading	Blood Pressure	26-07-2019	bp5.csv
700	S7759307X	Reading	Blood Pressure	24-03-2019	bp6.csv
701	S1865195J	Reading	Blood Pressure	25-10-2019	bp7.csv
702	S1781730G	Reading	Blood Pressure	19-08-2019	bp8.csv
703	S1404973J	Reading	Blood Pressure	24-03-2019	bp9.csv
704	S4297701F	Reading	Blood Pressure	31-12-2018	bp10.csv
705	S2452407R	Reading	Blood Pressure	28-07-2019	bp11.csv
706	S8051572K	Reading	Blood Pressure	04-04-2019	bp12.csv
707	S9376523G	Reading	Blood Pressure	25-08-2019	bp13.csv
708	S6185465W	Reading	Blood Pressure	17-03-2019	bp14.csv
709	S4931446Z	Reading	Blood Pressure	16-04-2019	bp15.csv
710	S9819005U	Reading	Blood Pressure	25-06-2019	bp16.csv
711	S8096783S	Reading	Blood Pressure	14-11-2019	bp17.csv
712	S7520639A	Reading	Blood Pressure	14-09-2019	bp18.csv
713	S4534094S	Reading	Blood Pressure	26-07-2019	bp19.csv
714	S6470065N	Reading	Blood Pressure	19-07-2019	bp20.csv
715	S6630182H	Reading	Blood Pressure	26-10-2019	bp21.csv
716	S2789615A	Reading	Blood Pressure	04-09-2019	bp22.csv
717	S5140138X	Reading	Blood Pressure	03-12-2018	bp23.csv
718	S9425336C	Reading	Blood Pressure	30-11-2019	bp24.csv
719	S8754540Z	Reading	Blood Pressure	06-07-2019	bp25.csv
720	S5461271X	Reading	Blood Pressure	10-01-2019	bp26.csv
721	S5922694D	Reading	Blood Pressure	28-10-2019	bp27.csv
722	S2040568B	Reading	Blood Pressure	11-02-2019	bp28.csv
723	S9458097Q	Reading	Blood Pressure	11-10-2019	bp29.csv
724	S8416430J	Reading	Blood Pressure	02-07-2019	bp30.csv
725	S7890445T	Reading	Blood Pressure	18-04-2019	bp31.csv
726	S3171644V	Reading	Blood Pressure	26-06-2019	bp32.csv
727	S8417754J	Reading	Blood Pressure	28-04-2019	bp33.csv
728	S9985656V	Reading	Blood Pressure	17-10-2019	bp34.csv
729	S3819981F	Reading	Blood Pressure	15-12-2018	bp35.csv
730	S2449583J	Illness	Obsessive Compulsive Disorder	30-08-2019	
731	S7739540U	Illness	Obsessive Compulsive Disorder	30-03-2019	
732	S4980626L	Illness	Obsessive Compulsive Disorder	08-10-2019	
733	S8274053F	Illness	Obsessive Compulsive Disorder	17-12-2018	
734	S8513976F	Illness	Obsessive Compulsive Disorder	10-05-2019	
735	S8416430J	Illness	Obsessive Compulsive Disorder	31-07-2019	
736	S9628658F	Illness	Obsessive Compulsive Disorder	13-06-2019	
737	S7278276X	Illness	Obsessive Compulsive Disorder	04-09-2019	
738	S4295864P	Illness	Obsessive Compulsive Disorder	22-04-2019	
739	S7524741N	Illness	Obsessive Compulsive Disorder	13-05-2019	
740	S5770438E	Illness	Obsessive Compulsive Disorder	16-06-2019	
741	S4996796E	Illness	Obsessive Compulsive Disorder	12-12-2018	
742	S5608895N	Illness	Obsessive Compulsive Disorder	03-05-2019	
743	S7300264H	Illness	Obsessive Compulsive Disorder	19-03-2019	
744	S4736511T	Illness	Obsessive Compulsive Disorder	24-01-2019	
745	S9841011O	Illness	Obsessive Compulsive Disorder	31-03-2019	
746	S4252628Y	Illness	Obsessive Compulsive Disorder	22-01-2019	
747	S8416430J	Illness	Obsessive Compulsive Disorder	05-06-2019	
748	S3005533X	Illness	Obsessive Compulsive Disorder	03-06-2019	
749	S4819537Z	Illness	Obsessive Compulsive Disorder	08-01-2019	
750	S5213732E	Illness	Obsessive Compulsive Disorder	17-03-2019	
751	S5231793R	Illness	Obsessive Compulsive Disorder	14-10-2019	
752	S9208481V	Illness	Obsessive Compulsive Disorder	18-09-2019	
753	S3828072U	Illness	Obsessive Compulsive Disorder	11-03-2019	
754	S5080123M	Illness	Obsessive Compulsive Disorder	08-03-2019	
755	S1700230H	Illness	Obsessive Compulsive Disorder	14-08-2019	
756	S5144111L	Illness	Obsessive Compulsive Disorder	21-11-2019	
757	S6418028I	Illness	Obsessive Compulsive Disorder	02-05-2019	
758	S4730137I	Illness	Obsessive Compulsive Disorder	16-10-2019	
759	S3034597S	Illness	Obsessive Compulsive Disorder	03-05-2019	
760	S6721992I	Illness	Obsessive Compulsive Disorder	01-04-2019	
761	S6470065N	Illness	Obsessive Compulsive Disorder	02-09-2019	
762	S3171961T	Illness	Obsessive Compulsive Disorder	05-07-2019	
763	S4337591T	Illness	Obsessive Compulsive Disorder	13-08-2019	
764	S3819981F	Illness	Obsessive Compulsive Disorder	25-06-2019	
765	S3654759E	Illness	Obsessive Compulsive Disorder	20-08-2019	
766	S2405741U	Illness	Obsessive Compulsive Disorder	22-10-2019	
767	S3500541Q	Illness	Obsessive Compulsive Disorder	30-05-2019	
768	S7216033E	Illness	Obsessive Compulsive Disorder	28-02-2019	
769	S3828072U	Illness	Obsessive Compulsive Disorder	12-07-2019	
770	S8547076V	Illness	Obsessive Compulsive Disorder	09-06-2019	
771	S5348287R	Illness	Obsessive Compulsive Disorder	17-11-2019	
772	S8945766O	Illness	Obsessive Compulsive Disorder	05-08-2019	
773	S8317441X	Illness	Obsessive Compulsive Disorder	24-12-2018	
774	S3294588W	Illness	Obsessive Compulsive Disorder	10-08-2019	
775	S1603997Y	Illness	Obsessive Compulsive Disorder	07-12-2018	
776	S2260721E	Illness	Obsessive Compulsive Disorder	01-03-2019	
777	S1543299A	Illness	Obsessive Compulsive Disorder	19-10-2019	
778	S8317441X	Illness	Panic Attack	10-12-2018	
779	S5517253G	Illness	Panic Attack	05-03-2019	
780	S8483323Y	Illness	Panic Attack	13-11-2019	
781	S3023538V	Illness	Panic Attack	24-07-2019	
782	S8424321Z	Illness	Panic Attack	01-02-2019	
783	S8897061R	Illness	Panic Attack	31-08-2019	
784	S2373924N	Illness	Panic Attack	18-11-2019	
785	S4980626L	Illness	Panic Attack	05-07-2019	
786	S8754540Z	Illness	Panic Attack	06-12-2018	
787	S7562096Z	Illness	Panic Attack	07-11-2019	
788	S2265328E	Illness	Panic Attack	22-03-2019	
789	S1155701T	Illness	Panic Attack	15-12-2018	
790	S6640132A	Illness	Panic Attack	10-01-2019	
791	S6417027N	Illness	Panic Attack	19-10-2019	
792	S6535648R	Illness	Panic Attack	06-02-2019	
793	S9819005U	Illness	Panic Attack	28-09-2019	
794	S1941236E	Illness	Panic Attack	19-07-2019	
795	S4789143S	Illness	Panic Attack	22-04-2019	
796	S4898497V	Illness	Panic Attack	07-04-2019	
797	S6487241Z	Illness	Panic Attack	21-07-2019	
798	S4075788W	Illness	Panic Attack	14-04-2019	
799	S4569307S	Illness	Panic Attack	19-12-2018	
800	S1897131C	Illness	Panic Attack	09-10-2019	
801	S6425083S	Illness	Panic Attack	18-06-2019	
802	S4530487P	Illness	Panic Attack	28-07-2019	
803	S2394435E	Illness	Panic Attack	27-10-2019	
804	S8957407Y	Illness	Panic Attack	08-11-2019	
805	S9376523G	Illness	Panic Attack	10-03-2019	
806	S9472218B	Illness	Panic Attack	13-07-2019	
807	S4903525U	Illness	Panic Attack	07-06-2019	
808	S4018703W	Illness	Panic Attack	28-10-2019	
809	S8717918Q	Illness	Panic Attack	31-01-2019	
810	S7692966K	Illness	Panic Attack	26-10-2019	
811	S4017666B	Illness	Panic Attack	28-03-2019	
812	S3023538V	Illness	Panic Attack	22-12-2018	
813	S5644615J	Illness	Panic Attack	24-04-2019	
814	S7875159X	Illness	Panic Attack	16-01-2019	
815	S4788672P	Illness	Panic Attack	17-05-2019	
816	S8520040W	Illness	Panic Attack	25-11-2019	
817	S6471426H	Illness	Panic Attack	19-02-2019	
818	S3179425K	Illness	Panic Attack	11-01-2019	
819	S2191316U	Illness	Panic Attack	30-09-2019	
820	S3932127R	Illness	Panic Attack	25-07-2019	
821	S3920438V	Illness	Panic Attack	21-03-2019	
822	S2255290C	Illness	Panic Attack	27-03-2019	
823	S2449583J	Illness	Panic Attack	04-11-2019	
824	S4140290O	Illness	Panic Attack	01-06-2019	
825	S4534094S	Illness	Panic Attack	27-09-2019	
826	S5348287R	Illness	Panic Attack	28-04-2019	
827	S2770498A	Illness	Panic Attack	12-05-2019	
828	S1911722I	Illness	Panic Attack	16-09-2019	
829	S3164536J	Illness	Panic Attack	07-09-2019	
830	S7692966K	Illness	Panic Attack	25-11-2019	
831	S8242756J	Illness	Panic Attack	26-10-2019	
832	S7087806O	Illness	Panic Attack	09-07-2019	
833	S4478656U	Illness	Panic Attack	22-10-2019	
834	S8422101K	Illness	Panic Attack	08-01-2019	
835	S7426979P	Illness	Panic Attack	12-08-2019	
836	S3228164W	Illness	Panic Attack	10-02-2019	
837	S9778032F	Illness	Panic Attack	25-09-2019	
838	S6606315X	Illness	Panic Attack	04-06-2019	
839	S5813103X	Illness	Schizophrenia	23-06-2019	
840	S3470107P	Illness	Schizophrenia	16-06-2019	
841	S1002874L	Illness	Schizophrenia	23-07-2019	
842	S9253049P	Illness	Schizophrenia	13-04-2019	
843	S8556112N	Illness	Schizophrenia	15-09-2019	
844	S6839984K	Illness	Schizophrenia	15-04-2019	
845	S9648573S	Illness	Schizophrenia	27-05-2019	
846	S3233842F	Illness	Schizophrenia	15-07-2019	
847	S8923095F	Illness	Schizophrenia	12-08-2019	
848	S2040568B	Illness	Schizophrenia	17-09-2019	
849	S9485236E	Illness	Schizophrenia	26-09-2019	
850	S9458097Q	Illness	Schizophrenia	05-01-2019	
851	S4157752Y	Illness	Schizophrenia	26-01-2019	
852	S1580029F	Illness	Schizophrenia	15-09-2019	
853	S3700667F	Illness	Schizophrenia	23-07-2019	
854	S7821476S	Illness	Schizophrenia	06-04-2019	
855	S5346938A	Illness	Schizophrenia	19-01-2019	
856	S1298808W	Illness	Schizophrenia	20-07-2019	
857	S2952296N	Illness	Schizophrenia	18-01-2019	
858	S6610110O	Illness	Schizophrenia	02-07-2019	
859	S4337591T	Illness	Schizophrenia	04-10-2019	
860	S5569299P	Illness	Schizophrenia	05-10-2019	
861	S1142277Y	Illness	Schizophrenia	10-12-2018	
862	S2394435E	Illness	Schizophrenia	20-02-2019	
863	S6026284J	Illness	Schizophrenia	01-12-2018	
864	S3745954M	Illness	Schizophrenia	24-04-2019	
865	S5528988Q	Illness	Schizophrenia	17-12-2018	
866	S5085083P	Illness	Schizophrenia	15-09-2019	
867	S8274053F	Illness	Schizophrenia	24-04-2019	
868	S2245129Z	Illness	Schizophrenia	08-04-2019	
869	S8317441X	Illness	Schizophrenia	17-01-2019	
870	S3932127R	Illness	Schizophrenia	11-11-2019	
871	S5461271X	Illness	Schizophrenia	21-09-2019	
872	S4881532P	Illness	Schizophrenia	18-04-2019	
873	S1691197D	Illness	Schizophrenia	01-02-2019	
874	S2796128O	Illness	Schizophrenia	23-08-2019	
875	S6703916G	Illness	Schizophrenia	28-05-2019	
876	S5517253G	Illness	Schizophrenia	23-05-2019	
877	S6998592G	Illness	Schizophrenia	25-05-2019	
878	S7831455Y	Illness	Schizophrenia	30-04-2019	
879	S2858412M	Illness	Schizophrenia	22-12-2018	
880	S4337591T	Illness	Schizophrenia	29-09-2019	
881	S7917587D	Illness	Schizophrenia	25-12-2018	
882	S7670262F	Illness	Schizophrenia	10-08-2019	
883	S3223873S	Illness	Schizophrenia	01-12-2018	
884	S8897061R	Illness	Schizophrenia	15-04-2019	
885	S7516837T	Illness	Schizophrenia	26-01-2019	
886	S6960401V	Illness	Schizophrenia	17-11-2019	
887	S6348568M	Illness	Schizophrenia	01-11-2019	
888	S1501823G	Illness	Schizophrenia	11-05-2019	
889	S1664089J	Illness	Schizophrenia	22-08-2019	
890	S7654224X	Illness	Schizophrenia	19-02-2019	
891	S2177632W	Illness	Schizophrenia	21-02-2019	
892	S9612153O	Illness	Schizophrenia	07-01-2019	
893	S7317410K	Illness	Schizophrenia	30-01-2019	
894	S2798277D	Illness	Schizophrenia	02-03-2019	
895	S7875159X	Illness	Schizophrenia	01-09-2019	
896	S6717881U	Illness	Stroke	02-08-2019	
897	S6938957G	Illness	Stroke	10-10-2019	
898	S1027699D	Illness	Stroke	16-07-2019	
899	S1700230H	Illness	Stroke	04-07-2019	
900	S5608895N	Illness	Stroke	22-11-2019	
901	S3143969X	Illness	Stroke	24-11-2019	
902	S5704150D	Illness	Stroke	01-06-2019	
903	S2839757V	Illness	Stroke	22-08-2019	
904	S7165441K	Illness	Stroke	26-04-2019	
905	S9767016V	Illness	Stroke	01-05-2019	
906	S2798820I	Illness	Stroke	20-03-2019	
907	S6528238G	Illness	Stroke	20-10-2019	
908	S6640132A	Illness	Stroke	21-05-2019	
909	S7167431V	Illness	Stroke	30-04-2019	
910	S4284895K	Illness	Stroke	28-11-2019	
911	S1800068S	Illness	Stroke	26-04-2019	
912	S2321201A	Illness	Stroke	20-03-2019	
913	S5686109K	Illness	Stroke	24-05-2019	
914	S6886015L	Illness	Stroke	03-06-2019	
915	S4274119I	Illness	Stroke	04-09-2019	
916	S1027699D	Illness	Stroke	19-12-2018	
917	S8483323Y	Illness	Stroke	19-02-2019	
918	S2245129Z	Illness	Stroke	25-02-2019	
919	S7971670R	Illness	Stroke	21-07-2019	
920	S7559753G	Illness	Stroke	12-04-2019	
921	S6252443F	Illness	Stroke	25-06-2019	
922	S8926101S	Illness	Stroke	05-09-2019	
923	S4969038O	Illness	Stroke	23-12-2018	
924	S5606305X	Illness	Stroke	19-11-2019	
925	S5945614M	Illness	Stroke	08-08-2019	
926	S9458097Q	Illness	Stroke	30-11-2019	
927	S9733251C	Illness	Stroke	16-04-2019	
928	S9368583H	Illness	Stroke	18-04-2019	
929	S5973648C	Illness	Stroke	07-02-2019	
930	S3665292A	Illness	Stroke	30-04-2019	
931	S6640132A	Illness	Stroke	07-11-2019	
932	S3632347D	Illness	Urinary	30-09-2019	
933	S5727140L	Illness	Urinary	27-11-2019	
934	S4748479T	Illness	Urinary	15-02-2019	
935	S4881532P	Illness	Urinary	07-01-2019	
936	S9869414I	Illness	Urinary	29-12-2018	
937	S7484587B	Illness	Urinary	03-06-2019	
938	S1852447D	Illness	Urinary	09-06-2019	
939	S7624747K	Illness	Urinary	27-02-2019	
940	S4483508N	Illness	Urinary	29-07-2019	
941	S9662375M	Illness	Urinary	06-05-2019	
942	S8146454Q	Illness	Urinary	15-12-2018	
943	S7516837T	Illness	Urinary	28-04-2019	
944	S3525306X	Illness	Urinary	13-10-2019	
945	S2212231X	Illness	Urinary	04-09-2019	
946	S1064786R	Illness	Urinary	09-12-2018	
947	S5528988Q	Illness	Urinary	01-12-2019	
948	S6630182H	Illness	Urinary	12-04-2019	
949	S5709010F	Illness	Urinary	28-07-2019	
950	S3654759E	Illness	Urinary	17-04-2019	
951	S2584674F	Illness	Urinary	12-01-2019	
952	S1298808W	Illness	Urinary	01-04-2019	
953	S8004222Z	Illness	Urinary	16-01-2019	
954	S4478656U	Illness	Urinary	09-06-2019	
955	S4883176S	Illness	Urinary	12-07-2019	
956	S2018627K	Illness	Urinary	11-09-2019	
957	S1001237R	Illness	Urinary	29-04-2019	
958	S1800068S	Illness	Urinary	31-08-2019	
959	S9039260E	Illness	Urinary	04-04-2019	
960	S3474308F	Illness	Urinary	23-07-2019	
961	S1692591D	Illness	Urinary	28-01-2019	
962	S6552190D	Illness	Urinary	31-01-2019	
963	S6709046D	Illness	Urinary	26-10-2019	
964	S3487695C	Illness	Urinary	16-12-2018	
965	S1921321U	Illness	Urinary	31-01-2019