Id,Full Name,Gender,Email,Address,NRIC,Age,Postal Code,Phone,Password,Publickey,Roles
1,Hilda Jackson,Female,dawjiwuk@dig.do,1089 Wodgon Manor,S5999334P,41,434436,69216843,W!tf$kUZ,i5p!5UW6StVskJ1D[jPG[a4RcQ9AJv$%,Therapist
2,Annie Patton,Female,oh@tutirpiv.nf,1506 Searu Drive,S3510117R,65,546242,69032247,CNggL&n3,E0UtVQSI!)!z48EgNzFCQoCfVmJiWEJO,Therapist
3,Rodney Byrd,Female,azupi@awo.az,69 Pifid Glen,S6347422I,37,667920,65530229,eeWWaZR),!ZBTvAUBvrL@&OCFaDzanwfu$3O)tFn4,Therapist
4,Leroy Berry,Male,pi@oj.ba,1258 Imiiz View,S6699074E,34,628077,69626014,e3qrXMmc,nJC4c6GTTSqfkU*3e*)9ZX6v$(J9TW%K,Therapist
5,Stanley Abbott,Female,tinun@ka.pt,1398 Zosi Manor,S5333488I,47,503006,64266382,FYchhNSh,ZFaIjL#NblkG&v7vUb(Em6&oMmWW$yrQ,Therapist
6,Joel Osborne,Female,walpid@diutemu.hm,1789 Joje Center,S4562080Y,55,482395,63196854,oPVJvmTQ,5ScUt^TXgj#35Q9%r[uKw*aW)2ZM4[A0,Therapist
7,Brent Berry,Male,za@pevi.is,753 Ugiti Trail,S7292521D,28,318429,65897549,^r[]x*C),RDsnWob&8s)xloiulTIkracKxkeH[%ZT,Therapist
8,Lou Coleman,Female,putos@ugdi.hn,602 Cici Circle,S2017899Y,80,677594,69766698,A4g2vbC3,wfu0Xi8ZbBySnd8qYbr6OkqYXq(CH$F2,Therapist
9,Phoebe Harris,Female,viiniab@dujivde.ms,31 Lolsut Ridge,S6791790R,33,216577,64211166,[fKRMDu%,8mzubLgwgv%d*nG56GH#(VQ2big7YhX(,Therapist
10,Marcus McGee,Female,dovwave@bul.nl,287 Ritmic Heights,S2833017E,72,311069,67354926,e8jduM#H,wTlrE[jotGuQq2lpKv[Wfj[mIhApVy1p,Therapist
11,Minerva Hunt,Female,dabihiij@vet.edu,1064 Kepo Boulevard,S2458676B,76,610174,65079287,ilWdCwTl,xH$deg5%$lC&^B)lYjKr6s%22lqQS)XO,Therapist
12,Betty Welch,Male,amu@pafacfe.gt,346 Mowi Way,S8235537U,18,260181,66049733,mkaz[F8Z,eRP*UjyHN41qijhSdN1vjswXU@M(dBUW,Therapist
13,Ricky Collier,Male,wupagopi@kev.gr,1467 Ifheg Junction,S7958011O,21,554562,61552093,Dn$n(#yG,YEwLOzf)AfPJ0ul1k5sl6x@]s]WN03V],Therapist
14,Marcus Franklin,Female,kas@lunubez.org,1283 Hoozi Extension,S1287594F,88,333110,60825300,mZdzDk9^,mehb3DI$9%nN5D%[*XPYi()09XT$2q4y,Therapist
15,Jordan Jimenez,Male,ulo@ufoceso.hk,777 Marabe Extension,S5129826J,49,572771,60387377,dOGKUt[(,ik)J[ELvMA3B[Br^smlXvKfr@ze#5ucO,Therapist
